beta_norm_mean,Market Sharpe Ratio,Expected Return,Volatility,R2,SR,IR,Alpha,Precision,Recall,Accuracy,hidden_dims,train_window,num_hidden_layers,dropout
3.5884812652919136,0.6361514499216313,0.8674400883691964,2.2767638627505398,-0.2052911913746449,0.38099695034743264,0.18886941179053238,0.03583425429530291,0.6143437077131259,0.699537750385208,0.5604395604395604,32,12,1,0.1
5.01043184035025,0.6361514499216313,0.6310100748512049,2.6790719358153234,-0.34239095075291437,0.2355330838323194,0.06206530683156505,0.013856451810017753,0.6157082748948106,0.6764252696456087,0.5567765567765568,64,12,1,0.1
7.027015895160171,0.6361514499216313,0.598845433412516,2.956983394936092,-0.46755265832241966,0.20251903830033463,0.06540627521829316,0.016117105812092747,0.6193921852387844,0.6594761171032357,0.5567765567765568,128,12,1,0.1
3.528981673916976,0.6724513096819876,0.7785900558153565,1.7656287923872787,-0.09803037742860177,0.44097041188518293,0.1855150591963644,0.027295894161544286,0.6151898734177215,0.759375,0.5711610486891385,32,36,1,0.1
4.928452784982017,0.6724513096819876,0.8260408964493956,1.8346355180412752,-0.12486713243404668,0.45024795842353876,0.2018345213389804,0.030857731801279424,0.6085219707057257,0.7140625,0.5533707865168539,64,36,1,0.1
6.916721392081388,0.6724513096819876,0.8702354484715312,2.0547563643475217,-0.16666794356660897,0.42352244945977835,0.18565154698801642,0.03178905814371581,0.6150740242261103,0.7140625,0.5608614232209738,128,36,1,0.1
3.6192287072591887,0.6781657446624461,0.8714685933094755,1.7098755645801718,-0.08242563980904083,0.5096678444688157,0.21341076206135426,0.030408820605595237,0.6192893401015228,0.7770700636942676,0.578544061302682,32,60,1,0.1
5.047962234396372,0.6781657446624461,0.8755586222813034,1.769424948707919,-0.10273238443041177,0.49482665140483045,0.21096472707459057,0.031107187615261454,0.6164921465968587,0.75,0.5689655172413793,64,60,1,0.1
7.06685719080862,0.6781657446624461,0.8516694101167053,1.924207393480844,-0.13819912000298973,0.4426079085872632,0.17811976037613123,0.028561613320065654,0.6163101604278075,0.7340764331210191,0.5651340996168582,128,60,1,0.1
5.040085442372558,0.6361514499216313,0.7663000255094344,2.8022208479838393,-0.38851578844131307,0.2734616816732261,0.11900341151889857,0.027789486728288147,0.6205923836389281,0.6779661016949152,0.5622710622710623,32,12,2,0.1
7.060704745627097,0.6361514499216313,0.31545958818640407,3.2590385286868804,-0.6644097806612985,0.09679529266366417,-0.015891569553085728,-0.00431593645456781,0.606015037593985,0.6209553158705701,0.5347985347985348,64,12,2,0.1
9.906820021762554,0.6361514499216313,-0.016456597796255808,3.760431493053544,-0.99792055820266,-0.004376252519599215,-0.08699010403111467,-0.027260027231883966,0.6,0.5916795069337443,0.5228937728937729,128,12,2,0.1
4.93693501096834,0.6724513096819876,0.8581291194975669,1.9303332933180857,-0.13150512160537686,0.4445497171229497,0.2066417810501734,0.03324062581264133,0.6124837451235371,0.7359375,0.5627340823970037,32,36,2,0.1
6.892155480672351,0.6724513096819876,0.8742540279750779,2.084218307298688,-0.18922387846299205,0.4194637504687214,0.20890637928789393,0.036283875018609336,0.6134800550206327,0.696875,0.5552434456928839,64,36,2,0.1
9.672787028357472,0.6724513096819876,0.6274734995878499,2.3530682767570616,-0.3044222684462097,0.26666183288681183,0.08528520952568379,0.016723493417622137,0.6059322033898306,0.6703125,0.5411985018726592,128,36,2,0.1
5.055383454054686,0.6781657446624461,0.8795857585598514,1.8637870516044466,-0.1234949579030904,0.47193468685312384,0.19220824195239564,0.029852936046877457,0.6264900662251656,0.7531847133757962,0.5814176245210728,32,60,2,0.1
7.0667590455482605,0.6781657446624461,0.7695782759486887,2.079483208822596,-0.19800301767882833,0.370081505194949,0.11471907706465262,0.019879699540630874,0.6132075471698113,0.7245222929936306,0.5593869731800766,64,60,2,0.1
9.940035769354365,0.6781657446624461,0.7608121594614116,2.3548507081698413,-0.2810765923960521,0.32308296947312837,0.08618829352721509,0.01691338033737605,0.6135734072022161,0.7054140127388535,0.5555555555555556,128,60,2,0.1
7.035662692833235,0.6361514499216313,0.47001565568329573,3.0844871407367385,-0.5625698259951262,0.15238048798317608,0.024411149041587674,0.006274656275782095,0.6032689450222882,0.6255778120184899,0.532967032967033,32,12,4,0.1
9.765896715738636,0.6361514499216313,0.05781640960238494,3.510726595968083,-0.841678143411396,0.016468502465781465,-0.09443549344778827,-0.02762809987087666,0.5978428351309707,0.5978428351309707,0.521978021978022,64,12,4,0.1
13.625062228010176,0.6361514499216313,-0.026272556860399837,3.8340262384866186,-1.0398241312283214,-0.006852471847133274,-0.07383308959626282,-0.023589833565050414,0.6056782334384858,0.5916795069337443,0.5283882783882784,128,12,4,0.1
6.927589341074465,0.6724513096819876,0.8813091252180576,1.9980736148568696,-0.1797062207385025,0.4410794070173383,0.19314348689510633,0.03215957542054712,0.6124661246612466,0.70625,0.5561797752808989,32,36,4,0.1
9.622188454465897,0.6724513096819876,0.7775761588822554,2.1841781160020677,-0.23385328280221862,0.3560040058937754,0.1673230506296384,0.030455278790663516,0.6197991391678622,0.675,0.5571161048689138,64,36,4,0.1
13.481377401017106,0.6724513096819876,0.6901590468611816,2.444393548083038,-0.3143935354001488,0.28234367064273413,0.12730495361750901,0.025931950605137463,0.6070921985815603,0.66875,0.5421348314606742,128,36,4,0.1
7.045615463074482,0.6781657446624461,0.8466558855902538,2.011024930109898,-0.16970815686386498,0.4210071555622068,0.13924235098401438,0.023334986596330445,0.6101231190150479,0.7101910828025477,0.5526819923371648,32,60,4,0.1
9.77768787570392,0.6781657446624461,0.8410147196087601,2.1717793034629684,-0.21759767421066134,0.3872468617173653,0.13992375523900033,0.025323626307573247,0.6113416320885201,0.7038216560509554,0.5526819923371648,64,60,4,0.1
13.697993454406493,0.6781657446624461,0.7884615535480721,2.468871555905215,-0.308996947501295,0.31936110716743293,0.09259221195554163,0.01904985653294862,0.6116788321167883,0.6671974522292994,0.5450191570881227,128,60,4,0.1
9.850118840592451,0.6361514499216313,0.458977133423474,3.124721589595861,-0.5829740735962199,0.14688576894392574,0.008143112759615389,0.002120413353873647,0.6020710059171598,0.6271186440677966,0.532051282051282,32,12,8,0.1
13.627688058303763,0.6361514499216313,0.01879527185016401,3.3701588545933006,-0.7730381975822114,0.005576969116618142,-0.09760753083246068,-0.02741274035916716,0.5877862595419847,0.5932203389830508,0.510989010989011,64,12,8,0.1
19.03977971629421,0.6361514499216313,0.10052025717081806,3.6116146001316607,-0.8768055572030276,0.027832498286819864,-0.066935775591057,-0.02014551869964982,0.592948717948718,0.5701078582434514,0.5119047619047619,128,12,8,0.1
9.765924553271912,0.6724513096819876,0.8802375613414785,2.0272706550636723,-0.18111744202676516,0.43419834403602714,0.18433993448999114,0.031142244978993233,0.611336032388664,0.7078125,0.5552434456928839,32,36,8,0.1
13.533140593419818,0.6724513096819876,0.8568405289492639,2.1829808312748082,-0.2302798292968422,0.39250941495848574,0.19207740532303838,0.034941774495099547,0.6076487252124646,0.6703125,0.5430711610486891,64,36,8,0.1
18.940960423633317,0.6724513096819876,0.6818008435795279,2.359034238885223,-0.2882348286765082,0.28901693427803626,0.10994756594642431,0.021614172712475496,0.6107871720116618,0.6546875,0.5430711610486891,128,36,8,0.1
9.88100767961458,0.6781657446624461,0.9468108773745072,1.9485464638992784,-0.14949585721481262,0.485906235707525,0.21925746022595574,0.03560277906723523,0.6216596343178622,0.7038216560509554,0.564176245210728,32,60,8,0.1
13.682097499234887,0.6781657446624461,0.7477843346664163,2.1858591780167322,-0.24005128792235597,0.34210087373738957,0.11547032598869249,0.02103348932091395,0.6159420289855072,0.6767515923566879,0.5517241379310345,64,60,8,0.1
19.181589019734158,0.6781657446624461,0.8175722318605194,2.3735910060512584,-0.2840954280375767,0.3444452855509614,0.11047199621865803,0.021851278053761275,0.6144927536231884,0.6751592356687898,0.5498084291187739,128,60,8,0.1
3.5347255515114275,0.6361514499216313,0.8615781324053458,2.1565486618137877,-0.16483361128836682,0.39951713015402424,0.18768223869377929,0.033728823391773806,0.613965744400527,0.7180277349768875,0.5641025641025641,32,12,1,0.25
4.945484219898356,0.6361514499216313,0.7444437128273678,2.5380332531408305,-0.2838572786669471,0.2933151927407233,0.1238463589542966,0.02619384810886837,0.6126373626373627,0.687211093990755,0.5558608058608059,64,12,1,0.25
6.941481433464304,0.6361514499216313,0.6200495745586766,2.796174002869012,-0.396662818069625,0.22174928095407342,0.07023612052503662,0.016366034522873503,0.6098591549295774,0.6671802773497689,0.5485347985347986,128,12,1,0.25
3.500156953054249,0.6724513096819876,0.8198375332374457,1.6804322732471002,-0.08157201566397365,0.4878729992808774,0.21055120396978136,0.029484753193487798,0.6124031007751938,0.740625,0.5636704119850188,32,36,1,0.25
4.899891457000158,0.6724513096819876,0.8979404977334968,1.8295690899041088,-0.10198570704210264,0.49079343474290965,0.24147758953793044,0.03681666114359578,0.6206451612903225,0.7515625,0.5758426966292135,64,36,1,0.25
6.886016016738078,0.6724513096819876,0.8137606978020011,1.9357188255985556,-0.1520338273338364,0.4203919944573423,0.1947729661173759,0.031418808102589506,0.6123822341857336,0.7109375,0.5571161048689138,128,36,1,0.25
3.5620614107072264,0.6781657446624461,0.873065936271896,1.6201515865131855,-0.06502361188948358,0.5388791663321255,0.2397260808966333,0.03236604919110572,0.6171284634760705,0.7802547770700637,0.5766283524904214,32,60,1,0.25
4.9758602607191635,0.6781657446624461,0.8564317897960718,1.7802584621031414,-0.09872345770780022,0.481071601695582,0.1987498137124544,0.02948550314191832,0.6193548387096774,0.7643312101910829,0.5756704980842912,64,60,1,0.25
6.9853375097568735,0.6781657446624461,0.8402381971203705,1.8280050542442414,-0.12225168493954452,0.45964763345129434,0.17883001449983954,0.027241847529689805,0.6167979002624672,0.7484076433121019,0.5689655172413793,128,60,1,0.25
4.929957619657509,0.6361514499216313,0.7557859665792799,2.5152628322487507,-0.2773656406495464,0.30047991680598063,0.11095158295605982,0.02325603273237844,0.6105834464043419,0.6933744221879815,0.554945054945055,32,12,2,0.25
6.915119393859329,0.6361514499216313,0.5790887067674139,2.9768680096116324,-0.487319083109506,0.1945295205893132,0.04843262644028855,0.012014794689297129,0.6161616161616161,0.6579352850539292,0.5531135531135531,64,12,2,0.25
9.748935463127143,0.6361514499216313,0.2710045222184461,3.3577551784293087,-0.7371782018361479,0.08071003030817055,-0.02661848726774116,-0.007448196955434371,0.6075187969924812,0.6224961479198767,0.5366300366300366,128,12,2,0.25
4.876425265077664,0.6724513096819876,0.7986903703523164,1.7700087798377342,-0.11119078160664064,0.4512352590847241,0.1885605616035419,0.02781282079745026,0.6142857142857143,0.7390625,0.5655430711610487,32,36,2,0.25
6.839567713531489,0.6724513096819876,0.7533722513905226,1.9592209265200626,-0.1723598191555844,0.38452644170591344,0.15491279266803973,0.025292365431740606,0.6162162162162163,0.7125,0.5617977528089888,64,36,2,0.25
9.638015142135337,0.6724513096819876,0.7273102069238115,2.153805854814669,-0.23550435738506992,0.3376860571243991,0.16096195341628355,0.02889006647253313,0.6083916083916084,0.6796875,0.545880149812734,128,36,2,0.25
4.934706167299417,0.6781657446624461,0.8870174846362935,1.689996211571654,-0.08750672757995459,0.5248635935174017,0.21853480414674822,0.030776915925379823,0.622568093385214,0.7643312101910829,0.5795019157088123,32,60,2,0.25
6.918414841384207,0.6781657446624461,0.9030421182948276,1.8853121305298062,-0.1257396610352366,0.47898812280015235,0.2032897059567319,0.03193871238767201,0.6170212765957447,0.7388535031847133,0.5670498084291188,64,60,2,0.25
9.771481384676763,0.6781657446624461,0.8415345571406372,2.1304367991958415,-0.185934643690151,0.39500564271997385,0.14754262746123611,0.026194186916121694,0.6191117092866757,0.732484076433121,0.5680076628352491,128,60,2,0.25
6.888546896507897,0.6361514499216313,0.8098398955481962,2.6395726059918063,-0.3252568463255032,0.3068072057233307,0.13055626476477192,0.028717728334475452,0.6104252400548696,0.6856702619414484,0.5531135531135531,32,12,4,0.25
9.627890635831715,0.6361514499216313,0.5381825367667094,3.123384329470344,-0.5651868017355228,0.17230749725185854,0.052532252928132815,0.013673201298958552,0.6110283159463488,0.6317411402157165,0.5421245421245421,64,12,4,0.25
13.536704572968107,0.6361514499216313,0.22469055295905505,3.4186109942186023,-0.7596328707637099,0.06572568605759514,-0.028677758831406344,-0.008169841802549607,0.602760736196319,0.6055469953775039,0.5283882783882784,128,12,4,0.25
6.849156536303792,0.6724513096819876,0.9242422722021573,1.885755562224466,-0.11377744309783022,0.49011774946690706,0.2286949370859045,0.0359385624718599,0.6113256113256114,0.7421875,0.5627340823970037,32,36,4,0.25
9.574357326818683,0.6724513096819876,0.9607960890767973,1.9789281288487268,-0.15431062825813502,0.48551338225494617,0.2532315539729936,0.041760587105769305,0.6146540027137042,0.7078125,0.5589887640449438,64,36,4,0.25
13.502793595900522,0.6724513096819876,0.7786834738948387,2.1883365833343507,-0.233567991884011,0.3558335037786395,0.16205311824373955,0.02955223059134854,0.6115007012622721,0.68125,0.549625468164794,128,36,4,0.25
6.890216353299507,0.6781657446624461,0.8630636409598134,1.7443936704239333,-0.10039272969844304,0.49476425854610345,0.179362532580084,0.026073238878658762,0.6094364351245085,0.7404458598726115,0.5584291187739464,32,60,4,0.25
9.625744812252556,0.6781657446624461,0.9058277669184074,1.877980146285442,-0.13285271441520585,0.48234150329549164,0.1888664862585319,0.029557292624351257,0.620457604306864,0.7340764331210191,0.5699233716475096,64,60,4,0.25
13.598962517752716,0.6781657446624461,0.7082785544753829,2.1039058192221334,-0.22057941000837022,0.3366493632957635,0.08580262362788066,0.01504338659626872,0.6082191780821918,0.7070063694267515,0.5498084291187739,128,60,4,0.25
9.680270311191965,0.6361514499216313,0.9602841711143715,2.6209493438474647,-0.30048190109478035,0.36638791717534946,0.1870392587578587,0.04085170187626049,0.6115702479338843,0.6841294298921418,0.5540293040293041,32,12,8,0.25
13.526061001188845,0.6361514499216313,0.4192358862649909,3.0716484056930886,-0.5495510078520442,0.13648563601484015,0.017849066868576034,0.004568838149164246,0.6024096385542169,0.6163328197226502,0.5302197802197802,64,12,8,0.25
19.030417097727263,0.6361514499216313,0.40301816278226543,3.346211769828055,-0.6688673557913154,0.12044012468552596,0.009715403912031672,0.0027091499099228256,0.60882800608828,0.6163328197226502,0.5366300366300366,128,12,8,0.25
9.678630474069779,0.6724513096819876,0.81675082687741,1.7873383949831383,-0.12752000107862194,0.45696485297352724,0.1751621361673301,0.026089500943261144,0.6181575433911882,0.7234375,0.5664794007490637,32,36,8,0.25
13.516377140348673,0.6724513096819876,0.9201570183189629,2.013684137967148,-0.16655241642216922,0.4569520119713903,0.21548990344673025,0.03616071670522941,0.6186556927297668,0.7046875,0.5627340823970037,64,36,8,0.25
19.0730222711994,0.6724513096819876,0.8729794563314959,2.1751194992196896,-0.21304936161080512,0.40134781406018,0.18447773418631033,0.033438426400042534,0.6125874125874126,0.684375,0.5514981273408239,128,36,8,0.25
9.734671282608755,0.6781657446624461,1.0033957760719658,1.7411466248004792,-0.08823339949391507,0.5762844793079656,0.2662115475675122,0.0386261114608405,0.624484181568088,0.7229299363057324,0.5718390804597702,32,60,8,0.25
13.573230133726447,0.6781657446624461,0.9377621508182654,1.8972921010398018,-0.1316232720536803,0.4942634559561648,0.21421052848428368,0.03386832863773273,0.6161473087818697,0.6926751592356688,0.5555555555555556,64,60,8,0.25
19.18469270983199,0.6781657446624461,0.8260773123025684,2.1177292304302324,-0.2043170354499113,0.3900769278869257,0.14894826257755522,0.026286007456857177,0.6159420289855072,0.6767515923566879,0.5517241379310345,128,60,8,0.25
3.4698061807797735,0.6361514499216313,0.7873841505332312,1.9983941578494442,-0.13827845720561993,0.39400843294126137,0.1663217904390745,0.02769804119470884,0.6005256241787122,0.7041602465331279,0.5457875457875457,32,12,1,0.5
4.871640359114261,0.6361514499216313,0.7921683514502158,2.3128783409359555,-0.20711611351865922,0.3425032512214404,0.14903655803000423,0.028725285589603453,0.6024258760107817,0.6887519260400616,0.5448717948717948,64,12,1,0.5
6.855999155981159,0.6361514499216313,0.6668790427688526,2.5980452090364667,-0.30739513256347895,0.2566849262088773,0.0783487214715883,0.01696279337111605,0.6127247579529738,0.6825885978428351,0.554945054945055,128,12,1,0.5
3.4464084230701775,0.6724513096819876,0.7055343578137879,1.5485811909216418,-0.07295820678931064,0.4556004954405313,0.160837491350541,0.0207558261583725,0.6072772898368883,0.75625,0.5608614232209738,32,36,1,0.5
4.846953135476338,0.6724513096819876,0.8502430931219194,1.702511777841155,-0.0763384569832033,0.49940511671529086,0.2508628295532058,0.035591410161407586,0.615877080665813,0.7515625,0.5702247191011236,64,36,1,0.5
6.822657375345258,0.6724513096819876,0.777837712404362,1.8107311504837906,-0.12568734259897063,0.4295710670225889,0.1750544885732545,0.026414717957633393,0.6031537450722734,0.7171875,0.547752808988764,128,36,1,0.5
3.4671506790338915,0.6781657446624461,0.8259002619677276,1.5079806645234,-0.04766653462681414,0.5476862412083744,0.23705644561617117,0.029789711365819087,0.61625,0.785031847133758,0.5766283524904214,32,60,1,0.5
4.86934095299495,0.6781657446624461,0.8321822378714603,1.586474657742636,-0.06685740107281046,0.5245480813765763,0.21295040464675144,0.028153368360675904,0.616751269035533,0.7738853503184714,0.5747126436781609,64,60,1,0.5
6.862492856583479,0.6781657446624461,0.8318298425617419,1.6972614389107756,-0.09232730995726146,0.4901011850570128,0.19389192438960076,0.027423773881889428,0.615979381443299,0.7611464968152867,0.5708812260536399,128,60,1,0.5
4.8192092217453,0.6361514499216313,0.8485828053489337,2.0634745453824523,-0.14429648911370707,0.41123977383091687,0.19843760637351737,0.03412257913319798,0.6063408190224571,0.7072419106317411,0.5531135531135531,32,12,2,0.5
6.7831184734311725,0.6361514499216313,0.7735683209208655,2.584092948542201,-0.2977075062830459,0.2993577771098632,0.1203190467637871,0.0259096333598018,0.6062246278755075,0.6902927580893683,0.5494505494505495,64,12,2,0.5
9.590522774175014,0.6361514499216313,0.665603420102763,2.996265187843572,-0.4727279175777215,0.22214436252279834,0.08525937174340814,0.02128830729101565,0.6206896551724138,0.6656394453004623,0.5595238095238095,128,12,2,0.5
4.788781165120199,0.6724513096819876,0.7823983194947411,1.5473519014049761,-0.05910772968850142,0.5056369651818267,0.20889375539932975,0.02693601246739824,0.6159600997506235,0.771875,0.5749063670411985,32,36,2,0.5
6.753826373689423,0.6724513096819876,0.9316323620933388,1.863804450675356,-0.10131951892820434,0.4998552083915019,0.2390809125095189,0.03713333906723056,0.6201550387596899,0.75,0.5749063670411985,64,36,2,0.5
9.573289921418645,0.6724513096819876,0.8499436238639612,2.0403594720658167,-0.17288539064402753,0.4165656275280811,0.19530052162847278,0.033206939100337445,0.6219512195121951,0.7171875,0.5692883895131086,128,36,2,0.5
4.786583924739202,0.6781657446624461,0.8088789252897917,1.5091245509197746,-0.05145614059377168,0.5359921583654574,0.21566636448224066,0.02712228378731349,0.6164383561643836,0.7882165605095541,0.5775862068965517,32,60,2,0.5
6.7523249922996245,0.6781657446624461,0.8735477917873284,1.707881401368451,-0.08083364996922615,0.5114803586990249,0.20631450615719737,0.029363392324866178,0.6178756476683938,0.7595541401273885,0.5727969348659003,64,60,2,0.5
9.57696863865242,0.6781657446624461,0.836886311228437,1.8124755675994983,-0.11851188952989222,0.46173660279285117,0.17017778558058375,0.02570358987608285,0.6103896103896104,0.7484076433121019,0.5613026819923371,128,60,2,0.5
6.724407359106089,0.6361514499216313,0.89020292794336,1.9295389832376497,-0.10332707241263317,0.46135524375343445,0.2135644003670215,0.03434006966166176,0.6098191214470284,0.7272727272727273,0.5613553113553114,32,12,4,0.5
9.475829619061214,0.6361514499216313,0.8568038505876266,2.5004706606289293,-0.2609506875129144,0.34265703016572074,0.15423923820810656,0.03213922415476059,0.6082887700534759,0.7010785824345146,0.5540293040293041,64,12,4,0.5
13.424024228682208,0.6361514499216313,0.7743684127206754,2.9486962502056207,-0.44878368124215684,0.26261382896480995,0.1038393386858959,0.025515889050577722,0.6104078762306611,0.6687211093990755,0.5494505494505495,128,12,4,0.5
6.712233057279681,0.6724513096819876,0.7844827654121185,1.420848682082581,-0.03661820947153771,0.5521226681663794,0.2219391155638602,0.026278491654290373,0.6090133982947625,0.78125,0.5683520599250936,32,36,4,0.5
9.486328598803958,0.6724513096819876,0.7591728000859455,1.7156011197230412,-0.10615865075530584,0.4425112523874447,0.14226159889497797,0.020338679863151195,0.6099110546378653,0.75,0.5627340823970037,64,36,4,0.5
13.500536697459582,0.6724513096819876,0.9599369743179127,2.003965524099179,-0.14184179946363495,0.4790187070455829,0.23492024130507208,0.03923100537403537,0.6165113182423435,0.7234375,0.5646067415730337,128,36,4,0.5
6.689677294583769,0.6781657446624461,0.8052923389501703,1.3737483643822135,-0.03353548270780027,0.5862007626937683,0.22106453844591376,0.02530725400941524,0.6151079136690647,0.8168789808917197,0.5823754789272031,32,60,4,0.5
9.45286743354833,0.6781657446624461,0.8863087770379511,1.635663704845931,-0.07105339320242976,0.5418649166158734,0.21731386999633823,0.029621034142718133,0.618204804045512,0.7786624203821656,0.5775862068965517,64,60,4,0.5
13.454848002193758,0.6781657446624461,0.9022617098062066,1.8418845123565073,-0.116325861527391,0.4898579165812371,0.19626673249414456,0.030125054572648545,0.6127770534550195,0.7484076433121019,0.564176245210728,128,60,4,0.5
9.438631768567959,0.6361514499216313,0.9017661862515693,1.601106052643562,-0.038370737259945775,0.5632145258352355,0.29445988123397365,0.03928845817536831,0.6148825065274152,0.7257318952234206,0.5668498168498168,32,12,8,0.5
13.340814750250502,0.6361514499216313,0.978926864317044,2.1705108831098854,-0.14831720352649747,0.4510121888513398,0.2311806236495102,0.0418150049662827,0.61328125,0.7257318952234206,0.565018315018315,64,12,8,0.5
18.960683594889574,0.6361514499216313,1.077364470097976,2.8381606942753295,-0.35439397624842783,0.37959953158080806,0.20447203742091857,0.04836037497387045,0.6122448979591837,0.6933744221879815,0.5567765567765568,128,12,8,0.5
9.450551000120393,0.6724513096819876,0.5496925865935818,1.074788546340298,-0.025527905911600035,0.5114425423170996,0.07259270001383739,0.006501816876899137,0.6032863849765259,0.803125,0.5655430711610487,32,36,8,0.5
13.41317280338055,0.6724513096819876,0.6976689573352881,1.5698822856691723,-0.08073372029145931,0.44440845259802536,0.11419032691151448,0.014938780951096527,0.6071428571428571,0.7703125,0.5636704119850188,64,36,8,0.5
19.19118701509712,0.6724513096819876,0.9351210376964169,2.032115661369607,-0.14937995511668123,0.46017116814412184,0.20972482413895846,0.03551542497589701,0.6202365308804205,0.7375,0.5720973782771536,128,36,8,0.5
9.422984780228383,0.6781657446624461,0.5615133994999117,1.1061670715331886,-0.028291807927144363,0.5076207870856555,0.07581534504105368,0.00698870318344505,0.600459242250287,0.8328025477707006,0.5660919540229885,32,60,8,0.5
13.38480538234911,0.6781657446624461,0.8245352398258843,1.5738066094870191,-0.07107227715969988,0.523911409988703,0.19121894963988068,0.025078470566867468,0.6080910240202275,0.7659235668789809,0.5622605363984674,64,60,8,0.5
19.11512521989399,0.6781657446624461,0.8443547142333405,1.886087710286042,-0.14346172761356035,0.44767521130037297,0.1591476116752606,0.025013862875173695,0.6167341430499326,0.7277070063694268,0.564176245210728,128,60,8,0.5
3.433062670440259,0.6361514499216313,0.32525640785831217,1.1348517516559138,-0.07104069397255297,0.28660695759046567,0.1962148877199264,0.01855623408582724,0.6197411003236246,0.5901386748844376,0.5412087912087912,32,12,1,1.0
4.816931606563673,0.6361514499216313,-0.03770567037083119,1.0796683781564376,-0.12549872738891676,-0.03492338122860894,-0.10869254286257686,-0.009779325122511453,0.5615141955835962,0.5485362095531587,0.47710622710622713,64,12,1,1.0
6.78753061811332,0.6361514499216313,0.18199868970701055,1.1407071286064643,-0.09392138170466602,0.1595490070526234,0.07333640618760025,0.006971280110381237,0.6091370558375635,0.5546995377503852,0.5238095238095238,128,12,1,1.0
3.4287949180341437,0.6724513096819876,-0.015516396495427597,1.1207529868113466,-0.12383685315059911,-0.013844617572310276,-0.1661633070822769,-0.015519001892576068,0.5908396946564886,0.6046875,0.5121722846441947,32,36,1,1.0
4.812272624293796,0.6724513096819876,0.053990399157040334,1.076134982114517,-0.12243740730423713,0.05017065707775211,-0.16190583110276738,-0.014519377388167717,0.5877616747181964,0.5703125,0.5028089887640449,64,36,1,1.0
6.784370237984156,0.6724513096819876,0.17581734270835606,1.061787876487732,-0.09171684965143445,0.16558612751347182,-0.029233128713564472,-0.0025866151383223453,0.610248447204969,0.6140625,0.5337078651685393,128,36,1,1.0
3.4311866445175268,0.6781657446624461,0.19260311121918156,1.1339416405224776,-0.0961744939287772,0.16985275461833935,-0.02180047888121881,-0.002060039232228743,0.5957120980091883,0.6194267515923567,0.5181992337164751,32,60,1,1.0
4.817471554412061,0.6781657446624461,0.31530098813785884,1.1324974509918906,-0.08180345931146249,0.27841209519871724,0.08391811460901684,0.007919754240563074,0.6157407407407407,0.6353503184713376,0.5421455938697318,64,60,1,1.0
6.784382255308426,0.6781657446624461,0.20560064680709017,1.1166389334988531,-0.0952392944935001,0.1841245550724847,-0.009727183172742924,-0.0009051459536633041,0.5964391691394659,0.6401273885350318,0.5229885057471264,128,60,1,1.0
4.773286714015291,0.6361514499216313,0.24280528888163166,0.7039414509751736,-0.03322557781902846,0.34492256216091877,0.20481786533881016,0.012014982109353313,0.6209048361934477,0.613251155624037,0.5476190476190477,32,12,2,1.0
6.69952231161656,0.6361514499216313,0.2410124605801262,0.6970014213896202,-0.030051068872206432,0.34578474761158556,0.19469743650321117,0.011308699165304458,0.5972644376899696,0.6055469953775039,0.5228937728937729,64,12,2,1.0
9.436253156468196,0.6361514499216313,0.2314717092495726,0.6776986870450108,-0.027964254207608175,0.341555493133483,0.19055069796546487,0.010761329818892164,0.6299093655589124,0.6425269645608629,0.5631868131868132,128,12,2,1.0
4.769034239429582,0.6724513096819876,0.09777146212499649,0.7358857756049547,-0.060033587591047155,0.13286228021545984,-0.08128831219974576,-0.004984909389227301,0.6002994011976048,0.6265625,0.5262172284644194,32,36,2,1.0
6.696502475468469,0.6724513096819876,0.13330088770679116,0.7189331512655531,-0.0511909217435067,0.18541485737879634,-0.0727735821407322,-0.004359945061443264,0.5966149506346967,0.6609375,0.5290262172284644,64,36,2,1.0
9.436783055083495,0.6724513096819876,0.11893834102709103,0.6791716253590402,-0.05132404837171212,0.1751226591131733,-0.06031845777049164,-0.003413882083594621,0.5951359084406295,0.65,0.5252808988764045,128,36,2,1.0
4.772777895121001,0.6781657446624461,0.25470141072139385,0.799044567229032,-0.041614608342449344,0.31875745254693433,-0.002131413597229477,-0.0001419245379486872,0.6121621621621621,0.7213375796178344,0.5574712643678161,32,60,2,1.0
6.6994988117837115,0.6781657446624461,0.19496682705558205,0.7390840624586681,-0.048696049528508034,0.26379519862327594,-0.02714579714544881,-0.0016719188360781005,0.5991678224687933,0.6878980891719745,0.5354406130268199,64,60,2,1.0
9.43576546516701,0.6781657446624461,0.22961246541811786,0.7445626435757844,-0.03744561426723414,0.30838569111578995,-0.02309985069080246,-0.0014332738247124811,0.6190476190476191,0.7245222929936306,0.5660919540229885,128,60,2,1.0
6.687982167771424,0.6361514499216313,0.23911626924182877,0.5415155541205686,-0.01774037635078818,0.44156860762782346,0.3119383973807529,0.014076624509093381,0.6148969889064976,0.5978428351309707,0.5384615384615384,32,12,4,1.0
9.391533065366112,0.6361514499216313,0.11358454755491894,0.4380079503665147,-0.03082053800888529,0.25932074397251026,0.08842240324789379,0.0032274763010909516,0.6,0.6240369799691834,0.5293040293040293,64,12,4,1.0
13.232956384055104,0.6361514499216313,0.1246628430817707,0.41453964059170123,-0.027207974090337483,0.3007259882404268,0.12576379355824527,0.0043445064817569925,0.6011080332409973,0.6687211093990755,0.5393772893772893,128,12,4,1.0
6.692694775328485,0.6724513096819876,0.24431381766381616,0.4974125669887704,-0.018797657643436994,0.49116937101698077,0.15676382344195627,0.006498024652436488,0.5979247730220493,0.7203125,0.5421348314606742,32,36,4,1.0
9.390751160244966,0.6724513096819876,0.22105309132255074,0.4814287491635376,-0.019268448126153137,0.45916055430138164,0.07467265901130812,0.0029957970687107868,0.6157697121401752,0.76875,0.5739700374531835,64,36,4,1.0
13.23112232746605,0.6724513096819876,0.19153170127048386,0.4325162240504064,-0.020336877138171117,0.4428312526102196,0.04420629306805569,0.0015933282464217595,0.5956416464891041,0.76875,0.548689138576779,128,36,4,1.0
6.692570254644171,0.6781657446624461,0.24518435427270516,0.5738006336226986,-0.02186875358439022,0.4272988559192244,0.03689866130688667,0.0017643729364767435,0.6083123425692695,0.7691082802547771,0.5632183908045977,32,60,4,1.0
9.39277397965347,0.6781657446624461,0.24974572896765992,0.5501178228144245,-0.019623554836106782,0.45398588922269584,-0.017519549975288613,-0.0008031513907578551,0.6052009456264775,0.8152866242038217,0.5689655172413793,64,60,4,1.0
13.231327194548117,0.6781657446624461,0.25104235727328333,0.48912900365508716,-0.01649957482340514,0.5132436543270447,0.056711198030504666,0.0023115909823955907,0.6,0.8312101910828026,0.5651340996168582,128,60,4,1.0
9.421754943700803,0.6361514499216313,0.2347356975675713,0.5038806478435605,-0.015208311704515198,0.4658557509048245,0.31156494300334703,0.013082628777155707,0.5961820851688693,0.6255778120184899,0.5256410256410257,32,12,8,1.0
13.22512012477362,0.6361514499216313,0.16094528538590175,0.42988055634140687,-0.02126969514311794,0.37439535938927326,0.1934733732097122,0.006930870109386645,0.6047819971870605,0.662557781201849,0.5421245421245421,64,12,8,1.0
18.628193421570817,0.6361514499216313,0.20788387762042138,0.3894388084661886,-0.011172072901730168,0.5338037018939524,0.33980592405721843,0.011027801181216278,0.6153846153846154,0.6902927580893683,0.5595238095238095,128,12,8,1.0
9.419686036272605,0.6724513096819876,0.2220852290914681,0.49378218913850086,-0.020010756014734232,0.44976354752474773,0.13826077564831007,0.005689225705967473,0.6050531914893617,0.7109375,0.548689138576779,32,36,8,1.0
13.223040872145226,0.6724513096819876,0.17350517587946362,0.4392462763634234,-0.02340084907414952,0.39500659474210087,0.007449306395373631,0.0002726733413048431,0.604679802955665,0.7671875,0.5599250936329588,64,36,8,1.0
18.629443709541395,0.6724513096819876,0.19009903170694872,0.416138502408513,-0.01942082637846987,0.4568167343485394,0.0009481203029388202,3.287911358067219e-05,0.6111771700356718,0.803125,0.5758426966292135,128,36,8,1.0
9.422427326335486,0.6781657446624461,0.22688015582180765,0.5809257882599496,-0.024416332958342224,0.3905492928819413,-0.029794260795505925,-0.0014423545365209837,0.6061728395061728,0.7818471337579618,0.5632183908045977,32,60,8,1.0
13.223812252421485,0.6781657446624461,0.2175418671619042,0.49785961196863066,-0.02146915587127829,0.4369542375644867,-0.045256099948125406,-0.0018775986966156066,0.609286523216308,0.856687898089172,0.5833333333333334,64,60,8,1.0
18.62936492508214,0.6781657446624461,0.22582307191749654,0.491400694717274,-0.019091254230566568,0.4595497612135514,-0.04382122728206615,-0.0017944817941475746,0.6066134549600912,0.8471337579617835,0.5775862068965517,128,60,8,1.0
